index,date,tweets,isRetweet,isDeleted,avg_sentiment_score,sum_sentiment_score,delta_avg,retweets,favorites,word_count,positive,negative,neutral,s&p_%change,s&p_up/down
0,2016-12-08,1,0,0,5.434285714285713,76.08,-0.10067486944248927,10063,40673,83,0,0,1,0.002257815594885128,up
1,2016-12-15,1,0,0,4.9630769230769225,64.52,-0.57188366065128,6982,30051,76,0,1,0,0.003664974210634003,up
2,2017-01-06,1,0,0,5.777142857142858,80.88,0.24218227341465504,15421,54861,82,1,0,0,0.002571434290771819,up
3,2017-01-09,1,0,0,5.107142857142857,71.50000000000001,-0.4278177265853458,15261,64289,79,0,0,1,-0.002062898683784116,down
4,2017-01-12,1,0,0,5.06,45.540000000000006,-0.47496058372820293,27885,105693,51,0,0,1,-0.00030819413729524025,down
5,2017-01-25,1,0,0,5.921818181818183,65.14,0.3868575980899802,43057,164228,65,1,0,0,0.004146235051689161,up
6,2017-01-26,1,0,0,5.196923076923077,67.56,-0.3380375068051258,23132,98159,76,0,0,1,-0.000848310123530923,down
7,2017-02-03,1,0,0,5.224285714285714,73.14000000000001,-0.31067486944248834,33159,138695,82,0,0,1,0.0038801519084980546,up
8,2017-02-09,1,0,0,5.62,61.82,0.08503941627179756,9308,57228,63,1,0,0,0.004863572185446673,up
9,2017-02-16,1,0,0,5.948,89.22,0.41303941627179785,19081,109157,88,1,0,0,-0.0010299118631793005,down
10,2017-03-02,1,0,0,5.95,83.29999999999998,0.41503941627179763,30337,150187,81,1,0,0,-0.005357585551727721,down
11,2017-03-07,1,0,0,5.616363636363636,61.78000000000002,0.08140305263543368,19352,105938,64,1,0,0,-0.0009912925963677717,down
12,2017-03-08,1,0,0,6.0,66.0,0.46503941627179746,18666,103193,66,1,0,0,-0.0028821208577711767,down
13,2017-03-27,1,0,0,5.705,68.46,0.17003941627179753,17098,91348,71,1,0,0,0.0053582614933025815,up
14,2017-03-28,1,0,0,5.663333333333332,67.96,0.12837274960512968,15100,57557,68,1,0,0,0.008026373600610074,up
15,2017-03-30,3,0,1,5.1244444444444435,129.26,-0.4105161392837582,11166,59126,148,0,0,3,0.0028585826644293307,up
16,2017-04-24,3,0,0,5.159444444444445,150.56,-0.37551613928375777,26111,135539,168,0,1,2,0.0016115156430969249,up
17,2017-04-25,1,0,0,5.1858823529411735,88.16,-0.34907823078702904,20770,83547,100,0,0,1,0.002981342497065551,up
18,2017-04-26,1,0,0,4.8660000000000005,48.66000000000001,-0.668960583728202,7494,39725,59,0,1,0,-0.000640452834602663,down
19,2017-04-27,2,0,0,5.37890909090909,112.98,-0.1560514928191119,22214,100342,121,0,0,2,-0.00038914132278865504,down
20,2017-04-28,1,1,0,5.151428571428571,72.12,-0.3835320122996313,7019,0,81,0,0,1,-0.0039604213049817035,down
21,2017-05-02,1,0,0,5.416666666666668,65.0,-0.11829391706153469,15076,56679,70,0,0,1,5.013404050251138e-05,up
22,2017-05-04,2,0,0,4.998749999999999,101.66,-0.5362105837282027,18038,76047,116,0,1,1,-0.00011298858711162595,down
23,2017-05-05,1,0,0,6.251111111111111,56.26,0.7161505273829087,5709,32708,52,1,0,0,0.0028924964205275547,up
24,2017-05-10,1,0,0,5.401818181818181,59.42,-0.13314240191002114,13921,61983,64,0,0,1,0.0011848530550404336,up
25,2017-06-02,2,2,1,5.539583333333335,111.64000000000001,0.004622749605132093,16718,0,117,1,0,1,0.003204089577128665,up
26,2017-06-05,2,0,0,5.5038333333333345,120.94,-0.031127250394868522,23721,114460,129,1,0,1,-0.0007096392876649332,down
27,2017-06-12,1,0,0,5.006666666666667,75.10000000000002,-0.5282939170615357,15131,74366,89,0,0,1,0.0014469018126568227,up
28,2017-06-16,1,0,0,5.49125,87.85999999999999,-0.04371058372820258,19595,94024,95,0,0,1,0.0007855711521099472,up
29,2017-06-22,2,0,0,5.540439560439561,149.54000000000002,0.005478976711357664,49957,179294,159,1,0,1,-0.001189752242797994,down
30,2017-06-27,1,0,0,5.038666666666667,75.58000000000001,-0.4962939170615357,25523,99155,86,0,0,1,-0.006961345455643266,down
31,2017-07-03,3,0,0,5.579264069264069,229.12000000000003,0.04430348553586683,60140,282996,239,2,0,1,-0.0009788158644780808,down
32,2017-07-11,1,0,0,5.6054545454545455,61.66,0.07049396172634292,22369,80791,63,1,0,0,-0.0007498172601881825,down
33,2017-07-12,4,0,0,5.772714646464647,301.54,0.23775406273644406,66649,277088,300,3,1,0,0.003079133737041979,up
34,2017-07-18,1,0,0,5.6242857142857146,78.73999999999998,0.08932513055751201,13181,65700,81,1,0,0,0.0019260811706402023,up
35,2017-07-19,1,1,0,5.35,21.4,-0.1849605837282029,8947,0,23,0,0,1,0.004050562981936764,up
36,2017-07-24,1,0,0,5.732857142857143,80.26,0.19789655912894055,16218,70045,80,1,0,0,-0.0008616879040768247,down
37,2017-07-25,1,0,0,5.771111111111113,51.94,0.2361505273829101,9836,42742,54,1,0,0,-0.00030267811008335315,down
38,2017-07-26,1,0,0,5.267272727272728,57.94,-0.2676878564554741,11417,49078,66,0,0,1,-0.0008628705286851351,down
39,2017-07-27,1,0,0,5.68,68.16,0.14503941627179717,17013,78057,71,1,0,0,-0.002956422678968445,down
40,2017-07-28,1,0,0,5.663333333333332,67.96000000000001,0.12837274960512968,21404,77320,70,1,0,0,0.001206899971970662,up
41,2017-07-31,1,0,0,5.310588235294118,90.28,-0.22437234843408493,24346,106482,97,0,0,1,-0.0022778791628209954,down
42,2017-08-01,1,0,0,5.485384615384616,71.31,-0.049575968343586574,18569,90603,76,0,0,1,-0.0003027733924057194,down
43,2017-08-03,1,0,0,5.978461538461539,77.72,0.4435009547333362,13049,69520,75,1,0,0,-0.0015630331436501071,down
44,2017-08-04,2,2,0,5.554920634920634,89.72,0.019960051192431383,25661,0,96,1,0,1,-2.0107959348972213e-05,down
45,2017-08-07,2,0,0,5.52375,176.76000000000002,-0.011210583728202383,27539,129683,181,1,0,1,0.001521924139469683,up
46,2017-08-10,1,1,0,5.604,28.020000000000003,0.06903941627179755,4909,0,28,1,0,0,-0.011020582340007514,down
47,2017-08-11,2,1,0,5.536331168831168,140.17,0.0013705851029661709,18441,59717,144,1,1,0,0.00011471708596583704,up
48,2017-08-14,1,0,0,5.095,81.52,-0.4399605837282028,9085,50510,92,0,0,1,0.0044318959057759975,up
49,2017-08-16,3,2,2,5.598507936507936,189.36,0.06354735277973322,21376,48381,196,3,0,0,-0.0002105524216404529,down
50,2017-08-17,1,0,0,5.3693333333333335,80.53999999999998,-0.16562725039486903,26668,113678,84,0,0,1,-0.013374182039966305,down
51,2017-08-23,1,0,0,4.618461538461538,60.04,-0.9164990452666641,21729,81349,77,0,1,0,-0.0003435113544184003,down
52,2017-08-28,1,1,0,4.733333333333333,42.60000000000001,-0.8016272503948692,24376,0,54,0,1,0,-0.0012708063315262773,down
53,2017-08-31,1,1,0,5.821428571428571,81.49999999999999,0.28646798770036863,8207,0,82,1,0,0,0.0036545998652471054,up
54,2017-09-01,1,0,0,5.545,22.180000000000003,0.010039416271797386,13950,80027,23,1,0,0,0.0008608591375542207,up
55,2017-09-14,2,0,0,5.5661538461538465,133.92000000000002,0.03119326242564391,32800,153229,142,1,0,1,0.0004249478765507971,up
56,2017-09-21,1,0,0,5.128571428571427,71.8,-0.4063891551567753,7958,45676,81,0,0,1,-0.0026164322301912217,down
57,2017-09-26,4,0,2,5.365748106060606,247.12,-0.1692124776675965,33238,180137,266,2,0,2,-0.0016792817925775142,down
58,2017-09-27,2,0,0,5.933916666666667,136.28,0.39895608293846374,28610,159992,133,2,0,0,0.0014940238592229718,up
59,2017-10-04,1,0,0,5.372307692307691,69.83999999999999,-0.1626528914205112,16949,79894,74,0,0,1,0.0016814855588477813,up
60,2017-10-05,1,0,0,5.438461538461539,70.7,-0.09649904526666386,29111,134448,74,0,0,1,0.0044118765016290685,up
61,2017-10-06,1,1,0,5.35,21.4,-0.1849605837282029,9540,0,23,0,0,1,0.0007419750980499633,up
62,2017-10-10,2,1,0,5.6675,124.22,0.13253941627179744,40696,141986,125,2,0,0,0.00025486492203837815,up
63,2017-10-11,3,0,0,5.1943981481481485,237.71999999999997,-0.3405624355800538,41544,200439,262,0,1,2,0.0018112744305621906,up
64,2017-10-16,3,1,0,5.153846153846153,192.56,-0.38111442988204863,35825,160464,217,1,1,1,0.000809926922340224,up
65,2017-10-17,3,1,0,5.543333333333333,80.02000000000001,0.008372749605130755,38792,124721,82,1,1,1,0.0008564878622875999,up
66,2017-10-18,2,0,0,5.799333333333333,82.58,0.26437274960513113,18963,84580,79,1,0,1,-0.0006282436980790724,down
67,2017-10-19,1,1,1,5.456666666666668,32.74,-0.07829391706153466,8415,0,35,0,0,1,0.0034112318780138056,up
68,2017-10-23,1,0,0,5.174545454545455,56.92,-0.36041512918274776,13360,75496,62,0,0,1,-0.00508133867205652,down
69,2017-10-24,1,0,0,5.971111111111113,53.74,0.43615052738291027,15133,84377,51,1,0,0,0.00018296349695962868,up
70,2017-10-26,1,0,0,5.389333333333332,80.84,-0.14562725039487034,10543,52466,88,0,0,1,0.00012492734221423573,up
71,2017-10-27,1,0,0,5.22,36.54,-0.3149605837282028,10479,38307,41,0,0,1,0.004205822740867383,up
72,2017-10-31,1,0,0,4.796,23.980000000000004,-0.7389605837282023,8574,37010,30,0,1,0,-0.00028337843036419126,down
73,2017-11-03,2,0,0,5.483516483516484,148.11999999999998,-0.05144410021171941,32306,153408,158,1,0,1,0.0022890458516129533,up
74,2017-11-06,1,0,0,5.096923076923077,66.25999999999999,-0.43803750680512543,15707,65706,77,0,0,1,0.001414475159526256,up
75,2017-11-07,2,0,0,5.364307692307692,99.60000000000001,-0.17065289142051032,14495,81972,103,1,1,0,-0.0005671880974614563,down
76,2017-11-08,1,0,0,5.49,98.82,-0.04496058372820233,14611,67996,106,0,0,1,0.0021902500030591826,up
77,2017-11-10,1,0,0,5.670588235294117,96.4,0.1356276515659145,10549,60918,100,1,0,0,0.0008216934693994575,up
78,2017-11-14,1,0,0,5.721818181818183,125.88000000000002,0.18685759808998004,13236,70782,131,1,0,0,0.0004345328290177058,up
79,2017-11-15,1,1,0,5.418666666666668,81.28,-0.11629391706153491,30564,0,87,0,0,1,-0.0018797151499759504,down
80,2017-11-17,2,0,0,5.322948717948718,133.28000000000003,-0.21201186577948494,26565,125973,148,1,0,1,-0.001583406154777565,down
81,2017-11-20,2,0,0,5.170955882352941,170.46,-0.3640047013752614,57091,257878,189,0,1,1,0.001027297260416969,up
82,2017-11-22,2,1,0,5.499907692307692,213.02000000000004,-0.0350528914205106,19682,65713,222,1,0,1,-0.0012421522536593596,down
83,2017-11-24,1,0,0,5.1258333333333335,123.02,-0.4091272503948691,16154,85852,143,0,0,1,0.0007691065520147942,up
84,2017-11-28,2,0,0,5.6328632478632485,197.18,0.097902664135046,20921,105732,206,2,0,0,0.008096924133985592,up
85,2017-11-29,4,0,0,5.466371336996337,364.4599999999999,-0.06858924673186562,45462,224790,390,1,0,3,-0.0006659512275252173,down
86,2017-11-30,4,0,0,5.8413260869565224,331.84,0.30636550322831924,49401,247484,331,3,0,1,0.005182425634851682,up
87,2017-12-01,2,0,0,5.071262626262626,202.78000000000003,-0.46369795746557685,39368,158046,228,0,0,2,-0.0010888536891959623,down
88,2017-12-04,3,0,0,5.323376436781609,376.22,-0.2115841469465932,50142,237217,412,1,0,2,-0.006679989159269514,down
89,2017-12-05,1,0,0,6.15142857142857,86.11999999999998,0.6164679877003678,11441,56713,83,1,0,0,-0.0038677317381887134,down
90,2017-12-06,1,1,0,5.3527272727272734,58.88,-0.1822333110009291,7328,0,64,0,0,1,0.0011537521367191946,up
91,2017-12-08,1,0,0,5.318181818181818,175.49999999999997,-0.2167787655463842,14880,62320,188,0,0,1,0.0019991002520453357,up
92,2017-12-12,3,0,0,5.837661054994388,327.8,0.3027004712661858,45484,210032,339,2,0,1,0.000894203025056622,up
93,2017-12-13,1,0,0,5.485185185185183,148.10000000000005,-0.04977539854301938,19326,103471,155,0,0,1,-0.0017768809463352734,down
94,2017-12-14,1,0,0,5.314666666666667,79.72,-0.2202939170615359,13459,78546,85,0,0,1,-0.005199093125961329,down
95,2017-12-18,1,0,0,5.31,63.71999999999999,-0.22496058372820293,17094,82981,71,0,0,1,0.0015785988127460019,up
96,2017-12-19,2,0,0,5.607296296296296,233.04999999999995,0.07233571256809368,30301,155365,249,1,0,1,-0.0041742297398513,down
97,2017-12-21,1,0,0,5.5233333333333325,99.42,-0.011627250394870003,16128,74744,103,1,0,0,0.0005777250965127202,up
98,2017-12-22,1,0,0,5.28,137.27999999999997,-0.2549605837282023,15569,77825,154,0,0,1,-0.00032779839562562565,down
99,2017-12-26,1,0,0,5.739090909090908,126.25999999999998,0.2041303253627058,20029,111975,129,1,0,0,0.000526265244425807,up
100,2017-12-28,2,1,0,5.441233766233767,136.46,-0.09372681749443634,26541,93802,140,1,0,1,0.0005360712361658571,up
101,2017-12-29,2,1,0,5.398825,219.62,-0.13613558372820256,40290,123329,236,1,0,1,-0.005778701659004854,down
102,2018-01-02,1,0,0,6.0325,96.52,0.4975394162717972,11221,58684,93,1,0,0,0.004501227429743078,up
103,2018-01-04,3,0,0,5.321108669108669,338.94000000000005,-0.21385191461953332,57649,306929,365,0,0,3,0.0017209994073721492,up
104,2018-01-05,3,0,0,5.645530864197531,446.04,0.110570280469329,61793,298411,459,2,0,1,0.004327497469165335,up
105,2018-01-08,2,0,0,5.327440476190477,239.32000000000005,-0.20752010753772643,28830,139303,261,0,0,2,0.001837639651629934,up
106,2018-01-09,1,0,0,5.659259259259257,152.8,0.12429867553105467,21627,96590,157,1,0,0,5.093760972384406e-05,up
107,2018-01-10,3,0,0,5.71269507101086,274.68000000000006,0.17773448728265814,49493,238624,280,3,0,0,0.0009760998532793908,up
108,2018-01-11,1,0,0,5.863076923076923,76.22,0.3281163393487203,16554,81487,74,1,0,0,0.0052997628574568715,up
109,2018-01-12,3,0,0,5.571504807418786,439.25999999999993,0.03654422369058293,58311,251781,461,2,0,1,0.0057974782845261145,up
110,2018-01-16,3,1,0,5.142856140350878,278.42,-0.39210444337732486,57948,183831,311,0,1,2,-0.008053005156939427,down
111,2018-01-17,1,0,0,5.3808333333333325,64.57000000000001,-0.15412725039487007,12213,57473,69,0,0,1,0.0063088445786477956,up
112,2018-01-18,5,0,0,5.527410631321386,512.69,-0.007549952406816196,110133,506730,537,3,0,2,-0.0015593324125088045,down
113,2018-01-19,2,0,0,5.218896103896104,187.06,-0.3160644798320984,32408,134789,208,0,0,2,0.002747431217709197,up
114,2018-01-22,2,0,0,5.388181818181819,108.42,-0.14677876554638392,43243,203202,112,1,0,1,0.008475864580827006,up
115,2018-01-23,2,0,0,5.795983333333334,284.11,0.2610227496051314,40938,208165,283,2,0,0,0.0014390694800745169,up
116,2018-01-24,1,0,0,5.725625,91.61,0.19066441627179742,28699,130726,93,1,0,0,-0.0027693216523420627,down
117,2018-01-25,1,0,0,6.270588235294117,106.6,0.7356276515659141,22297,129939,101,1,0,0,-0.0024558681012699967,down
118,2018-01-26,1,0,0,4.620909090909091,50.83000000000001,-0.9140514928191115,20327,100105,61,0,1,0,0.008916704306381223,up
119,2018-02-05,2,0,0,5.409666666666666,205.92000000000002,-0.1252939170615357,41557,193921,220,1,0,1,-0.033607478864803614,down
120,2018-02-07,1,0,0,5.7266666666666675,137.44,0.19170608293846492,17359,95559,135,1,0,0,-0.003452326936273063,down
121,2018-02-09,1,0,0,5.114545454545454,112.51999999999998,-0.42041512918274826,16930,75593,128,0,0,1,0.006829947113872604,up
122,2018-02-15,1,0,0,5.101,102.02,-0.43396058372820256,15822,61150,116,0,0,1,0.006537774743306793,up
123,2018-02-20,2,0,0,5.513407407407407,229.25999999999993,-0.02155317632079523,34001,166738,245,1,0,1,-0.002471540484803644,down
124,2018-02-21,1,0,0,5.243809523809524,110.12,-0.2911510599186782,17438,80033,115,0,0,1,-0.007057430278414345,down
125,2018-02-22,2,0,0,5.730934343434344,281.79999999999995,0.19597375970614106,49863,255742,291,2,0,0,-0.002383380135146461,down
126,2018-02-23,2,0,0,5.7894907407407405,194.5,0.254530157012538,29439,147175,201,1,0,1,0.01159879204347124,up
127,2018-02-27,1,0,0,5.71076923076923,74.24000000000002,0.17580864704102783,10614,49091,76,1,0,0,-0.013008657820649274,down
128,2018-02-28,2,0,0,5.654370629370629,272.05999999999995,0.11941004564242652,36045,170806,277,1,0,1,-0.014507313793871681,down
129,2018-03-02,1,0,0,6.0955555555555545,164.58000000000004,0.560594971827352,18137,85779,158,1,0,0,0.012170532929999736,up
130,2018-03-07,1,0,0,5.549090909090909,122.08,0.014130325362706309,899,2204,128,1,0,0,0.006132477332504997,up
131,2018-03-09,1,0,0,5.977777777777778,107.6,0.4428171940495753,13672,66723,103,1,0,0,0.012227118603945044,up
132,2018-03-12,1,0,0,5.6944444444444455,153.75,0.159483860716243,13679,69703,156,1,0,0,-0.0026948256949915947,down
133,2018-03-13,4,0,0,5.410666666666667,314.15999999999997,-0.12429391706153559,62811,276659,331,3,1,0,-0.00966941329204301,down
134,2018-03-14,1,0,0,5.175652173913043,119.04,-0.3593084098151591,11544,56977,134,0,0,1,-0.008860687395809494,down
135,2018-03-22,3,0,0,5.410371428571428,353.86,-0.12458915515677393,93232,382008,374,1,0,2,-0.017712295681285392,down
136,2018-03-23,3,0,0,4.968358024691359,276.48,-0.566602559036844,56016,263418,322,0,2,1,-0.022084003106224773,down
137,2018-03-26,1,0,0,5.570555555555557,100.27,0.03559497182735427,15619,83814,104,1,0,0,0.014965525620241109,up
138,2018-03-28,1,0,0,5.8342857142857145,40.84,0.299325130557512,24926,100827,40,1,0,0,-0.002412610148884482,down
139,2018-03-29,1,0,0,5.298181818181818,58.28000000000001,-0.23677876554638466,14472,63483,65,0,0,1,0.010120909073420128,up
140,2018-04-02,1,0,0,4.976153846153847,129.38,-0.558806737574356,17990,76133,147,0,1,0,-0.01958270290286616,down
141,2018-04-03,1,0,0,5.2491666666666665,125.98,-0.285793917061536,16193,67007,137,0,0,1,0.008595126735677019,up
142,2018-04-04,1,0,0,4.843999999999999,24.22,-0.6909605837282031,14274,73960,30,0,1,0,0.02347096062159744,up
143,2018-04-06,2,0,0,5.442348484848486,125.53999999999999,-0.09261209887971722,38407,150251,135,1,0,1,-0.015628461474047603,down
144,2018-04-11,2,0,0,5.246355555555555,225.7,-0.2886050281726473,77774,253556,244,0,0,2,-0.0006429738259905438,down
145,2018-04-13,2,0,0,5.242450592885376,235.94,-0.29250999084282636,45479,212257,260,0,0,2,-0.007695414006556367,down
146,2018-04-17,2,0,0,5.311166666666667,186.20000000000005,-0.22379391706153573,31711,161595,197,1,0,1,0.005069150029594946,up
147,2018-04-23,3,0,0,5.585977272727273,350.36999999999995,0.05101668899907056,66164,309113,370,2,0,1,-0.0019099436298028734,down
148,2018-04-24,1,0,0,5.515,110.3,-0.019960583728202863,13064,51212,115,1,0,0,-0.017248578467181322,down
149,2018-04-30,1,0,0,4.6675,74.68,-0.8674605837282021,15560,78035,95,0,1,0,-0.012846163060543444,down
150,2018-05-02,1,0,0,5.7647619047619045,121.06,0.229801321033702,18299,77677,125,1,0,0,-0.006996378650748907,down
151,2018-05-04,2,0,0,4.835,183.73000000000002,-0.6999605837282026,44494,180697,219,0,2,0,0.01601021258635503,up
152,2018-05-07,1,0,0,5.206315789473684,98.92000000000002,-0.32864479425451876,27203,100976,112,0,0,1,-0.0028765771308347176,down
153,2018-05-09,2,0,0,5.456938461538462,278.69999999999993,-0.0780221221897408,37135,172135,297,1,0,1,0.007344675048419265,up
154,2018-05-14,1,0,0,5.732,114.64,0.19703941627179766,9966,53873,117,1,0,0,-0.0030455283747204465,down
155,2018-05-17,1,0,0,6.18,98.88,0.6450394162717972,13796,71588,95,1,0,0,0.00015439955216591843,up
156,2018-05-21,2,0,0,5.664,111.24000000000001,0.12903941627179716,30384,145333,115,1,0,1,-0.0008700342887462966,down
157,2018-05-25,2,0,0,5.497866666666667,203.74,-0.03709391706153564,30921,134970,211,1,0,1,-0.0008334630336027883,down
158,2018-05-29,2,0,0,5.411071428571429,267.08,-0.12388915515677423,46109,191242,283,1,0,1,-0.0056374784747347815,down
159,2018-05-31,1,0,0,5.354117647058824,91.01999999999998,-0.18084293666937867,19394,84061,97,0,0,1,-0.005773640422007125,down
160,2018-06-01,1,0,0,5.79576923076923,150.69,0.2608086470410278,15241,69470,152,1,0,0,0.005855801039811154,up
161,2018-06-04,4,0,0,5.404958333333333,463.1,-0.130002250394869,64517,318332,501,2,1,1,0.0018967254074870171,up
162,2018-06-05,2,0,0,5.631985294117648,185.52,0.09702471038944527,27895,132138,189,1,0,1,0.00012373765847990947,up
163,2018-06-08,1,0,0,5.497894736842105,104.46,-0.037065846886097376,21381,82815,113,0,0,1,0.0047688733188974205,up
164,2018-06-11,1,0,0,5.081428571428571,142.28,-0.4535320122996316,25490,119122,161,0,0,1,0.0006546583474871268,up
165,2018-06-12,2,0,1,5.424564102564103,151.34,-0.11039648116409984,40728,184630,166,1,0,1,0.0004487363426277421,up
166,2018-06-13,2,0,0,5.397230769230769,226.95999999999998,-0.13772981449743327,44362,202639,249,1,0,1,-0.004415467427747032,down
167,2018-06-14,1,0,0,5.941,118.82,0.4060394162717973,18960,97756,117,1,0,0,-0.0002586836818237396,down
168,2018-06-15,4,0,0,5.386362433862434,432.4599999999999,-0.1485981498657689,67014,326967,468,1,0,3,0.0006767573315288112,up
169,2018-06-21,2,0,0,5.5345054945054954,220.44,-0.0004550892227070946,31344,129822,232,1,0,1,-0.007048770364710576,down
170,2018-06-22,2,0,1,5.710535714285714,130.28000000000003,0.17557513055751173,24862,109503,136,2,0,0,-0.0021407480889568545,down
171,2018-06-25,5,1,0,5.407129909741674,467.65,-0.12783067398652842,83390,317840,499,1,0,4,-0.009431439826046157,down
172,2018-06-26,2,0,0,5.478288690476191,289.21999999999997,-0.05667189325201205,24088,119501,312,1,0,1,0.0003452977677691211,up
173,2018-06-29,1,1,0,6.044444444444442,54.40000000000001,0.5094838607162391,6184,0,52,1,0,0,-0.003212082436778908,down
174,2018-07-03,2,0,0,5.496928104575165,240.94000000000005,-0.03803247915303798,26007,132158,253,1,0,1,-0.0073355536969596374,down
175,2018-07-10,1,0,0,5.997333333333334,179.92000000000004,0.4623727496051311,20680,106771,173,1,0,0,0.0018934607425645602,up
176,2018-07-12,1,1,0,5.246,52.46,-0.2889605837282021,5404,0,59,0,0,1,0.00544354455128352,up
177,2018-07-16,1,1,0,5.695,45.56,0.16003941627179774,4940,0,47,1,0,0,0.000382440929690443,up
178,2018-07-17,1,0,0,5.8100000000000005,34.86,0.27503941627179795,19050,105995,36,1,0,0,0.007245427363606594,up
179,2018-07-18,1,0,0,5.028125,80.45000000000002,-0.5068355837282024,12806,60719,93,0,0,1,0.0015188499657293492,up
180,2018-07-20,1,0,0,5.32,127.68000000000004,-0.21496058372820226,14954,64899,142,0,0,1,-0.000969842203732406,down
181,2018-07-25,1,0,0,6.031666666666666,144.76,0.49670608293846374,25051,103485,141,1,0,0,0.01005777281753588,up
182,2018-07-26,2,0,0,5.537536231884058,198.48000000000002,0.0025756481558554256,51530,194499,199,1,0,1,0.000687694545520175,up
183,2018-07-27,1,0,0,5.688888888888887,51.2,0.1539283051606848,17653,78234,53,1,0,0,-0.00827837148441237,down
184,2018-07-30,2,1,0,5.418842592592592,192.44000000000005,-0.11611799113561094,33570,99274,199,1,0,1,-0.005817631074849275,down
185,2018-07-31,2,0,0,5.445372549019607,173.74000000000004,-0.08958803470859511,34392,154787,181,1,0,1,0.0023347649228556513,up
186,2018-08-03,1,0,0,5.493846153846153,142.83999999999997,-0.041114429882049386,14869,66997,154,0,0,1,0.0037920217401392962,up
187,2018-08-06,2,1,0,5.786752873563217,235.02000000000004,0.25179228983501467,37281,63858,237,2,0,0,0.0035594474019137773,up
188,2018-08-08,2,0,0,5.893073593073593,358.70000000000005,0.3581130093453906,33140,166590,358,2,0,0,0.00031850853145602015,up
189,2018-08-09,1,0,0,5.296190476190477,111.21999999999998,-0.23877010753772598,14460,66230,123,0,0,1,-0.0012634312294746148,down
190,2018-08-10,2,0,0,5.8777678571428575,254.97999999999996,0.342807273414655,55531,223349,256,2,0,0,-0.0019795953341084365,down
191,2018-08-13,1,0,0,5.407272727272726,118.96000000000002,-0.1276878564554762,11619,54823,132,0,0,1,-0.004771722819612057,down
192,2018-08-14,1,0,0,5.402666666666668,81.04,-0.13229391706153493,12384,56661,87,0,0,1,0.004271779035814306,up
193,2018-08-16,3,0,1,5.584500881834216,381.02,0.049540298106013125,48555,197592,397,1,0,2,0.0032668890009134753,up
194,2018-08-17,3,0,1,5.516222222222223,474.2599999999999,-0.018738361505980034,30011,140603,502,2,0,1,0.004160846809754374,up
195,2018-08-22,1,0,0,6.0325,48.26,0.4975394162717972,19057,90459,46,1,0,0,0.0002901366320404209,up
196,2018-08-23,1,0,0,6.05857142857143,84.82,0.5236108448432271,11716,55186,83,1,0,0,-0.0011572459278140744,down
197,2018-08-24,2,0,0,5.6476761619190405,293.0,0.11271557819083844,30046,131714,301,2,0,0,0.0043110879443511736,up
198,2018-08-29,2,0,0,5.752857142857144,270.27,0.21789655912894101,26937,126549,273,2,0,0,0.004626569994928979,up
199,2018-08-30,1,0,0,5.918823529411764,100.62,0.3838629456835614,14904,69035,93,1,0,0,-0.0026848467683783235,down
200,2018-09-05,2,0,0,5.306206896551724,265.03999999999996,-0.2287536871764786,32914,154498,287,0,0,2,-0.0010340296892040095,down
201,2018-09-06,2,0,0,5.513482142857143,239.98000000000002,-0.021478440871059767,49240,192887,254,1,0,1,-0.003666031209242212,down
202,2018-09-07,1,0,0,5.611851851851852,151.52000000000004,0.07689126812364933,13030,64133,158,1,0,0,0.0011923333268520667,up
203,2018-09-10,3,1,0,5.347998216276477,324.26,-0.18696236745172504,45564,132982,355,1,0,2,-0.0014784566331511114,down
204,2018-09-12,1,0,0,5.425454545454548,119.36,-0.10950603827365413,22945,94180,128,0,0,1,0.0002180816301323205,up
205,2018-09-13,1,0,0,5.6032,140.07999999999998,0.06823941627179764,18382,75004,145,1,0,0,0.002530277284648133,up
206,2018-09-14,3,3,0,5.203282051282051,202.88,-0.3316785324461513,7953,0,229,0,0,3,-0.00048166552768543933,down
207,2018-09-17,2,1,0,5.666168831168832,221.2399999999999,0.1312082474406293,13631,52945,230,2,0,0,-0.0051759326807276134,down
208,2018-09-19,1,0,0,5.03,150.89999999999995,-0.5049605837282023,15371,67551,174,0,0,1,0.0004644096038285369,up
209,2018-09-20,5,0,0,5.54543436853002,595.4,0.010473784801817843,78407,333328,617,3,0,2,0.0037743284740323593,up
210,2018-09-26,1,0,0,5.589473684210527,106.2,0.05451310048232472,15655,51664,106,1,0,0,-0.003774454770169551,down
211,2018-10-01,2,0,1,5.915166666666667,224.68000000000004,0.38020608293846436,16585,74989,220,2,0,0,-0.000580923619102698,down
212,2018-10-03,3,0,0,5.839777777777777,231.35000000000002,0.30481719404957514,37391,178046,233,3,0,0,-0.0021079756469376664,down
213,2018-10-04,1,0,0,5.88,17.64,0.34503941627179735,10111,45015,17,1,0,0,-0.006076691867876108,down
214,2018-10-08,2,0,0,5.608864734299516,279.75,0.07390415057131294,25309,114969,292,1,0,1,0.0023978561232939947,up
215,2018-10-10,1,0,0,5.706363636363636,62.77000000000001,0.17140305263543354,9431,46502,66,1,0,0,-0.030696952924006225,down
216,2018-10-15,1,0,0,4.935789473684211,93.78000000000002,-0.5991711100439918,21978,86884,111,0,1,0,-0.004718104453598026,down
217,2018-10-16,1,0,0,6.136666666666668,110.46,0.6017060829384651,18625,77361,104,1,0,0,0.015492987926074227,up
218,2018-10-17,3,0,0,5.842022792022791,173.7,0.30706220829458913,29651,142777,174,3,0,0,-0.000874911020227509,down
219,2018-10-22,1,0,0,4.6714285714285735,32.7,-0.8635320122996291,22363,54046,40,0,1,0,-0.006510616085469343,down
220,2018-10-23,1,0,0,5.501111111111111,99.02,-0.03384947261709126,14614,53277,105,1,0,0,0.007225172743582419,up
221,2018-10-25,1,0,0,5.502222222222222,99.04,-0.03273836150598086,9900,45134,103,1,0,0,0.011473481555209105,up
222,2018-10-30,3,0,0,5.274793650793651,325.22,-0.26016693293455173,44346,175194,351,1,0,2,0.015886041504555803,up
223,2018-10-31,1,0,0,6.1466666666666665,73.75999999999998,0.611706082938464,10227,52469,68,1,0,0,0.002269327238914132,up
224,2018-11-05,3,0,0,5.410515656958488,375.35,-0.12444492676971415,49781,182894,405,2,0,1,0.0043794281361687615,up
225,2018-11-06,1,0,0,5.632857142857143,157.72000000000003,0.09789655912894002,7859,32000,158,1,0,0,0.006226281628022036,up
226,2018-11-12,1,0,0,5.715,45.72,0.18003941627179731,16365,71309,47,1,0,0,-0.017199411005165945,down
227,2018-11-13,2,0,1,5.409532019704434,308.2999999999999,-0.12542856402376845,41738,160799,332,0,0,2,-0.002882773890128025,down
228,2018-11-19,1,1,0,5.623333333333332,33.74,0.08837274960512964,7747,0,36,1,0,0,-0.014651709846604606,down
229,2018-11-23,1,0,0,5.592380952380951,117.44,0.0574203686527488,31298,142696,120,1,0,0,-0.00030381260727439915,down
230,2018-11-26,1,0,0,5.39,123.97,-0.14496058372820286,37011,150393,134,0,0,1,0.008860470215494404,up
231,2018-12-03,1,0,0,5.514074074074074,148.87999999999997,-0.020886509654128638,21826,91465,157,1,0,0,-4.654470524981499e-05,down
232,2018-12-04,1,0,0,5.495172413793104,159.36,-0.039788169935098594,29871,105716,166,0,0,1,-0.029603574937390412,down
233,2018-12-07,3,0,0,5.172137681159421,345.93,-0.3628229025687819,49625,202644,394,0,0,3,-0.0216181014780508,down
234,2018-12-11,4,0,0,5.6365878787878785,631.3800000000001,0.10162729505967616,65174,310555,649,3,0,1,-0.01038113547780662,down
235,2018-12-12,1,0,0,5.97875,95.66,0.44378941627179724,50714,169747,89,1,0,0,-0.0026934885445841212,down
236,2018-12-13,2,0,0,5.82648275862069,192.4,0.29152217489248766,54226,214650,198,2,0,0,-0.0030691361004956353,down
237,2018-12-14,2,0,1,5.3742857142857146,225.72,-0.160674869442488,25055,122983,244,0,0,2,-0.011305551157850927,down
238,2018-12-17,4,0,1,5.788043478260869,543.9200000000001,0.25308289453266686,81916,365014,542,4,0,0,-0.017296172536910126,down
239,2018-12-18,1,0,0,5.671851851851853,153.14,0.1368912681236507,13341,61225,154,1,0,0,-0.005367393463027694,down
240,2018-12-19,4,0,1,5.550728291316527,461.1,0.015767707588324242,59056,268906,473,2,0,2,-0.01573981163650072,down
241,2018-12-20,3,0,0,5.511446913580246,413.28000000000003,-0.02351367014795584,63236,275155,426,2,0,1,-0.011755226859060046,down
242,2018-12-21,9,0,0,5.486944174197416,972.3200000000002,-0.048016409530786376,156236,740750,1010,5,0,4,-0.019777790163788413,down
243,2018-12-24,6,0,0,5.497397910731244,829.8199999999999,-0.037562672996958923,149562,695780,871,3,0,3,-0.02060350909137576,down
244,2018-12-27,7,0,1,5.2633515449184625,895.5,-0.2716090388097402,136491,604131,985,1,1,5,0.01896830214943704,up
245,2018-12-28,3,0,0,5.673937262138163,443.28,0.13897667840995945,69530,320567,450,3,0,0,-0.00521457753042831,down
246,2018-12-31,5,0,1,5.576586956521739,658.44,0.041626372793536606,91785,436726,688,2,0,3,0.0031654050064262025,up
247,2019-01-02,1,0,0,6.0468,151.17,0.5118394162717976,23566,112550,144,1,0,0,0.01335107087748359,up
248,2019-01-03,2,0,0,5.109166666666667,126.76999999999998,-0.4257939170615357,50523,248679,137,0,1,1,-0.01766911874305406,down
249,2019-01-04,1,0,0,5.838181818181818,128.44000000000003,0.3032212344536154,29768,147477,126,1,0,0,0.023283014466108,up
250,2019-01-08,1,0,0,5.6638709677419365,175.58,0.128910384013734,20925,109157,184,1,0,0,0.0024530899134069355,up
251,2019-01-09,2,0,0,5.520221774193548,347.5799999999999,-0.01473880953465434,74947,365615,367,1,0,1,0.0019224655038759765,up
252,2019-01-10,3,2,0,5.4958241758241755,160.56,-0.03913640790402676,79847,79280,166,2,1,0,0.008987679437858515,up
253,2019-01-11,6,0,0,5.379715110479176,687.78,-0.15524547324902546,141091,617692,740,2,0,4,0.0031489784680942073,up
254,2019-01-14,4,1,0,5.300825,253.86,-0.23413558372820265,68909,248896,268,1,1,2,0.0008913843481629666,up
255,2019-01-15,4,1,1,5.738373397435898,517.7400000000001,0.20341281370769493,72595,305331,531,3,0,1,0.009748152893381715,up
256,2019-01-16,1,0,0,5.5624,139.06,0.02743941627179769,39003,164946,144,1,0,0,0.0005163392293717903,up
257,2019-01-18,3,0,0,5.060496632996634,219.10000000000002,-0.4744639507315691,70729,304081,251,0,2,1,0.007332312760810417,up
258,2019-01-22,4,1,0,5.412919761273209,472.03,-0.12204082245499337,100872,267832,508,1,0,3,-0.009398461217067536,down
259,2019-01-23,4,0,0,5.100093984962406,278.96000000000004,-0.4348665987657967,122852,538114,315,0,2,2,-0.0018082334786586934,down
260,2019-01-24,4,0,0,5.4399404761904755,361.09000000000003,-0.09502010753772638,99745,498434,386,2,1,1,0.0013225469841354155,up
261,2019-01-25,2,0,0,5.535724137931034,210.34000000000006,0.0007635542028312514,41000,218737,224,1,0,1,0.002754556702133904,up
262,2019-01-28,3,0,1,5.576730769230768,469.20000000000005,0.04177018550256584,60039,297545,487,3,0,0,-0.00042339724544271503,down
263,2019-01-29,1,0,0,4.986363636363637,109.7,-0.5485969473645653,33990,149229,127,0,1,0,-0.0018488077756815824,down
264,2019-01-30,4,0,0,5.220083333333333,265.8,-0.31487725039486913,72874,373965,295,1,1,2,0.010336796824938885,up
265,2019-01-31,8,0,1,5.382074720538083,882.9,-0.15288586319011999,134762,625381,966,4,1,3,0.006929874275941671,up
266,2019-02-01,1,0,0,5.57,44.56,0.03503941627179774,22097,109504,47,1,0,0,0.0015579061303111414,up
267,2019-02-05,1,0,0,5.7714285714285705,121.2,0.23646798770036792,26475,126147,124,1,0,0,0.003430607145043031,up
268,2019-02-12,1,0,0,5.865454545454545,64.52,0.3304939617263427,20790,108302,61,1,0,0,0.008124509985153044,up
269,2019-02-13,2,0,0,5.879250000000001,258.54,0.34428941627179777,39326,207498,257,2,0,0,0.0009926116974010458,up
270,2019-02-14,1,0,0,5.3523076923076935,139.16,-0.182652891420509,43444,186559,151,0,0,1,0.0008128230362675665,up
271,2019-02-19,4,0,1,5.5244583333333335,264.3,-0.01050225039486885,59268,291968,289,2,0,2,0.003784370266008932,up
272,2019-02-20,1,0,0,5.962857142857143,83.47999999999998,0.4278965591289401,42403,172644,82,1,0,0,0.002033033554769244,up
273,2019-02-21,1,0,0,5.402857142857144,37.82,-0.13210344087105863,25857,117130,40,0,0,1,-0.0019279296101342765,down
274,2019-02-25,5,1,0,5.5439191919191915,505.28000000000003,0.008958608190989282,87350,386690,532,2,0,3,-0.002938288983916985,down
275,2019-03-05,1,0,0,5.347777777777779,96.26,-0.1871828059504237,10098,64472,105,0,0,1,-0.0017034043500773145,down
276,2019-03-06,1,0,0,5.454444444444443,98.18,-0.08051613928375989,26345,108435,104,0,0,1,-0.0067448916646425045,down
277,2019-03-07,1,0,0,5.441904761904762,114.28,-0.09305582182344097,21404,94204,123,0,0,1,-0.006361795034034675,down
278,2019-03-08,5,0,0,5.639981818181818,318.16,0.10502123445361544,74086,360224,335,3,0,2,0.0044968777623404866,up
279,2019-03-11,2,1,0,4.925694444444444,173.22000000000003,-0.6092661392837582,33230,107243,202,0,2,0,0.012989449234108521,up
280,2019-03-13,3,1,0,5.5012727272727275,263.52,-0.03368785645547501,46353,212412,285,1,0,2,0.003978845796674561,up
281,2019-03-14,2,0,0,5.528706896551725,292.64,-0.0062536871764775626,51910,229903,305,1,0,1,-0.0006760306716867929,down
282,2019-03-15,1,0,0,5.6272,140.67999999999998,0.09223941627179766,24231,116032,144,1,0,0,0.004158952051843418,up
283,2019-03-18,3,0,0,5.72836111111111,389.73,0.19340052738290817,47629,223741,393,3,0,0,0.003659674417795925,up
284,2019-03-19,2,0,0,5.98974358974359,112.38,0.4547830060153877,43661,218802,112,2,0,0,-0.0028830108742624733,down
285,2019-03-21,1,0,0,6.15375,98.46,0.6187894162717971,17539,78067,92,1,0,0,0.012469292114681278,up
286,2019-03-22,1,1,0,5.398,53.98,-0.13696058372820286,16708,0,58,0,0,1,-0.015401564654834075,down
287,2019-03-28,3,0,0,5.4631990231990235,333.81,-0.07176156052917933,73144,340878,360,1,0,2,0.002149939207907034,up
288,2019-03-29,1,0,0,5.652173913043479,129.99999999999997,0.11721332931527684,17029,79110,134,1,0,0,0.002167360950918039,up
289,2019-04-02,1,0,0,5.657272727272727,124.46,0.12231214354452469,30477,110896,125,1,0,0,-0.00034864586069731216,down
290,2019-04-04,2,0,0,5.30625,111.27999999999997,-0.2287105837282022,33797,148105,122,0,0,2,0.0018788871982118472,up
291,2019-04-05,3,0,0,5.571746031746032,240.54000000000002,0.036785448017829125,45057,254493,251,2,0,1,0.002974896767790578,up
292,2019-04-08,2,1,0,5.572051282051283,110.76000000000002,0.03709069832308032,25800,55947,110,1,1,0,0.0025307807962375666,up
293,2019-04-09,2,2,0,5.332000000000001,122.0,-0.20296058372820225,21407,0,132,1,0,1,-0.002903133387453491,down
294,2019-04-12,1,1,0,5.46,54.6,-0.07496058372820258,11611,0,56,0,0,1,0.0022578837856382385,up
295,2019-04-17,2,0,0,5.537424812030075,261.96000000000004,0.0024642283018723177,46575,226911,269,1,0,1,-0.005346321652478491,down
296,2019-04-22,3,2,0,5.478214285714285,159.33999999999997,-0.05674629801391706,33029,63314,165,1,0,2,0.003170279189197482,up
297,2019-04-23,5,0,0,5.3652711462450595,545.8000000000001,-0.1696894374831432,113202,551863,602,1,1,3,0.008140901543101176,up
298,2019-04-25,4,4,0,4.922833721833722,211.75,-0.6121268618944804,40258,0,251,0,2,2,-0.0009628124403388596,down
299,2019-04-26,1,0,0,5.4433333333333325,16.330000000000002,-0.09162725039487007,16091,65528,18,0,0,1,0.004808864456774943,up
300,2019-04-29,3,1,0,5.687587301587302,356.53999999999996,0.15262671785909898,45654,173698,380,1,0,2,0.0008331522811874452,up
301,2019-04-30,1,0,0,5.422307692307691,140.98,-0.11265289142051138,11112,47900,153,0,0,1,0.00295872355985188,up
302,2019-05-01,2,1,0,5.3791414141414124,154.64,-0.1558191695867901,17221,66475,166,1,0,1,-0.009687296895804578,down
303,2019-05-02,1,0,0,5.734285714285713,120.42,0.19932513055751055,15548,59394,124,1,0,0,-0.0015878295985603628,down
304,2019-05-06,2,0,0,5.73217391304348,263.68000000000006,0.19721332931527735,48932,235562,270,2,0,0,0.008106211945919109,up
305,2019-05-08,3,1,0,5.5705754985755,177.8,0.035614914847296696,36016,139983,187,1,0,2,-6.604539952739115e-05,down
306,2019-05-10,6,0,3,5.666279933110367,651.7400000000001,0.1313193493821648,54486,221156,655,5,0,1,0.006391604684999813,up
307,2019-05-13,3,0,0,5.7205130434782605,411.2999999999999,0.18555245975005827,42425,191121,423,2,0,1,-0.009971102140453537,down
308,2019-05-14,1,0,0,5.790909090909091,127.39999999999998,0.25594850718088846,12136,63728,130,1,0,0,0.0050670873605202825,up
309,2019-05-17,1,0,0,4.92,29.520000000000003,-0.6149605837282026,11584,58771,34,0,1,0,0.00032530993077721645,up
310,2019-05-20,2,0,0,5.372916666666667,105.8,-0.1620439170615362,23947,117692,116,1,1,0,-0.0006016879439747531,down
311,2019-05-22,10,4,0,5.403458971583971,703.8199999999999,-0.13150161214423078,109690,374058,758,5,0,5,7.351421036766831e-05,up
312,2019-05-24,5,2,0,5.4589987789987795,389.15999999999997,-0.07596180472942322,85776,287944,417,2,0,3,-0.002241855238924953,down
313,2019-05-30,1,0,0,5.568695652173912,128.07999999999998,0.033735068445709615,13705,78861,134,1,0,0,0.0006889872191902684,up
314,2019-06-03,3,3,0,5.491246753246753,192.62,-0.04371383048144928,21292,0,205,2,0,1,-0.0025731421883020845,down
315,2019-06-04,3,2,0,5.762245098039216,200.48000000000005,0.2272845143110128,42492,125386,207,3,0,0,0.01470699351839118,up
316,2019-06-05,5,1,1,5.645580659340658,636.2399999999999,0.1106200756124565,75560,248038,660,4,0,1,0.0028600270922212573,up
317,2019-06-06,1,0,0,5.589090909090909,122.96,0.054130325362706344,15935,71516,124,1,0,0,0.005296067522136882,up
318,2019-06-07,1,0,0,5.5760000000000005,27.88,0.04103941627179797,16975,95519,29,1,0,0,0.007175220097830878,up
319,2019-06-10,1,1,0,5.496666666666667,65.96,-0.03829391706153551,29376,0,70,0,0,1,0.0003118347150306855,up
320,2019-06-11,1,0,0,6.383333333333333,76.60000000000002,0.8483727496051303,12725,64374,69,1,0,0,-0.006044924818946033,down
321,2019-06-13,2,0,1,5.75295739348371,230.18,0.21799680975550695,14232,59435,229,2,0,0,0.0018709126817967746,up
322,2019-06-14,1,1,0,5.4013333333333335,81.02000000000002,-0.133627250394869,14180,0,87,0,0,1,5.53938230417195e-05,up
323,2019-06-17,1,0,0,4.15,8.3,-1.3849605837282022,13619,53838,10,0,1,0,-2.771104766846879e-05,down
324,2019-06-18,1,0,0,5.731111111111113,51.58,0.19615052738291006,7303,37396,53,1,0,0,0.0037981219826287225,up
325,2019-06-19,1,0,0,5.335,149.37999999999997,-0.19996058372820258,17770,93599,162,0,0,1,0.0020235612815550407,up
326,2019-06-20,1,0,0,5.466,109.31999999999998,-0.06896058372820235,15797,66558,115,0,0,1,0.0015526965852440512,up
327,2019-06-21,2,0,0,5.129761904761905,241.5,-0.4051986789662978,46685,235151,277,0,0,2,-0.0007620118568089863,down
328,2019-06-24,2,0,1,5.6854545454545455,250.16,0.150493961726343,14739,71843,258,2,0,0,-0.0020565775661929523,down
329,2019-06-25,1,0,0,6.103636363636364,67.14,0.5686757799081619,16761,98674,63,1,0,0,-0.00964095951510723,down
330,2019-06-26,3,1,1,5.531378066378067,280.92,-0.0035825173501361127,30733,62493,295,1,0,2,-0.00420018615904176,down
331,2019-06-27,2,0,0,5.758636363636363,72.13,0.2236757799081608,58025,237732,80,1,1,0,0.0018015831153419509,up
332,2019-06-28,2,0,0,5.358359788359788,222.42000000000002,-0.17660079536841433,42843,234274,238,1,0,1,0.0030072450092491943,up
333,2019-07-01,3,0,2,6.156074074074074,172.46000000000004,0.6211134903458726,15212,78874,164,3,0,0,-0.002382651404442148,down
334,2019-07-02,2,0,0,5.48136752136752,170.45999999999998,-0.05359306236068173,27788,152128,182,1,0,1,0.0028165449825126145,up
335,2019-07-03,2,0,0,5.727023809523809,190.54,0.19206322579560675,39557,199992,195,2,0,0,0.0059568545960368355,up
336,2019-07-05,2,0,1,6.32,37.92,0.7850394162717977,19741,95047,36,2,0,0,0.002064140738879141,up
337,2019-07-09,4,2,0,5.638550980392157,346.02000000000004,0.1035903966639542,42333,132021,359,3,0,1,0.004757972600029751,up
338,2019-07-10,3,1,0,5.538177777777778,317.88000000000005,0.0032171940495751747,40938,134491,331,1,0,2,0.0012611711565258294,up
339,2019-07-11,7,0,1,5.556012271062271,698.38,0.021051687334068574,80754,346993,722,4,0,3,9.661056690389084e-05,up
340,2019-07-12,5,2,1,5.6385781551781555,449.14,0.1036175714499528,36158,88456,474,3,0,2,0.003466088856856472,up
341,2019-07-15,1,0,0,5.606842105263159,106.53,0.07188152153495686,26272,142086,111,1,0,0,-0.0011597852552092658,down
342,2019-07-16,1,0,0,5.7,22.8,0.16503941627179763,17251,99145,24,1,0,0,-0.002685755367209585,down
343,2019-07-17,1,0,0,6.001935483870968,186.06,0.4669749001427652,20188,96515,182,1,0,0,-0.006881692897272617,down
344,2019-07-22,3,0,0,5.061022927689595,420.5199999999999,-0.473937656038608,46439,205294,481,0,1,2,0.0010396277144985595,up
345,2019-07-23,3,0,0,5.645887405759486,401.24,0.11092682203128372,45735,231264,415,2,0,1,0.003582942437683865,up
346,2019-07-24,6,2,1,5.012907894736842,321.78,-0.5220526889913598,74780,207517,351,2,2,2,0.006932855424505004,up
347,2019-07-25,4,0,0,5.568484848484848,428.63999999999993,0.03352426475664538,90830,450170,450,3,0,1,-0.004174072513065584,down
348,2019-07-26,3,0,0,5.4041161616161615,356.57000000000005,-0.13084442211204106,71526,344781,381,1,0,2,0.004184885754583911,up
349,2019-07-29,2,0,0,4.928131868131867,196.4,-0.6068287155963348,33530,156372,233,0,2,0,-0.0011572275584018354,down
350,2019-07-30,3,0,0,5.08465293668955,330.9,-0.45030764703865245,61758,270629,372,0,1,2,0.0018353205354023191,up
351,2019-07-31,3,0,0,5.360106421356423,317.91999999999996,-0.17485416237178106,45511,244424,346,2,0,1,-0.011882451659557815,down
352,2019-08-01,3,0,0,5.5869613375130625,457.26,0.05200075378485932,56556,293753,477,2,1,0,-0.008978904409403883,down
353,2019-08-08,1,0,0,5.0152,125.38,-0.5197605837282024,24487,98466,145,0,0,1,0.014460321442144194,up
354,2019-08-12,1,1,0,5.771,57.71,0.23603941627179736,11630,0,59,1,0,0,-0.0083830511236236,down
355,2019-08-14,4,1,0,5.296295155993432,353.1600000000001,-0.23866542773477084,44918,169243,387,0,0,4,-0.018502774843485014,down
356,2019-08-15,6,2,0,5.4634973987365285,524.46,-0.07146318499167344,77398,266051,567,2,0,4,0.0004919355716761566,up
357,2019-08-16,2,0,0,5.67759090909091,237.78,0.1426303253627066,48953,229866,250,1,0,1,0.008356759106783709,up
358,2019-08-19,3,0,0,5.371846153846154,375.38,-0.1631144298820487,45188,202081,409,1,0,2,0.0034906442020583373,up
359,2019-08-20,2,1,0,5.481999999999999,54.82,-0.05296058372820278,20584,44371,58,1,0,1,-0.006337765179503444,down
360,2019-08-21,4,0,0,5.400465819721719,530.0,-0.13449476400648397,50695,215046,569,2,0,2,0.0008178850967483371,up
361,2019-08-22,1,0,0,5.699333333333334,170.98,0.16437274960513104,16482,70029,178,1,0,0,-0.0027260845192460512,down
362,2019-08-23,6,3,0,5.395020442520443,468.16,-0.13994014120776063,74273,227489,501,2,1,3,-0.021971288737801697,down
363,2019-08-28,3,0,0,5.597417767417767,323.4,0.0624571836895651,60781,247599,330,1,0,2,0.009317477398155102,up
364,2019-08-29,2,0,0,5.568872053872054,205.81000000000003,0.03391147014385165,24637,108925,221,1,0,1,0.004882527111241489,up
365,2019-08-30,3,1,0,5.05608695652174,187.72,-0.47887362720646287,24756,97471,221,0,2,1,-0.00361927168779438,down
366,2019-09-03,4,1,1,5.320279761904762,322.65999999999997,-0.21468082182344084,35591,167749,360,1,0,3,-0.0009418977557935713,down
367,2019-09-04,2,0,1,5.410909090909091,238.08,-0.12405149281911143,13736,62620,262,0,0,2,0.004482593711304961,up
368,2019-09-05,1,1,0,5.330909090909091,58.64,-0.2040514928191115,6625,0,62,0,0,1,0.005201615040951779,up
369,2019-09-06,2,0,0,5.158205128205128,113.82,-0.37675545552307454,22588,106268,130,0,0,2,-0.0005436032109192223,down
370,2019-09-09,5,1,0,5.233935297805643,514.02,-0.30102528592255967,40004,161084,569,1,0,4,-0.0033462387365754713,down
371,2019-09-10,2,1,0,5.428799999999999,179.51999999999998,-0.10616058372820314,13516,47685,204,1,1,0,0.0028205502410946315,up
372,2019-09-11,5,0,1,5.698731701631702,745.2899999999998,0.1637711179034989,41763,204493,757,3,0,2,0.006547244617867874,up
373,2019-09-12,3,1,0,5.525354497354498,143.72,-0.009606086373705006,32401,129486,153,2,0,1,0.0001628371420164094,up
374,2019-09-13,3,0,0,5.734515390201666,399.15,0.19955480647346313,57991,290814,413,2,0,1,-0.0016001766352302395,down
375,2019-09-16,4,1,0,5.436613636363637,382.85,-0.09834694736456617,55610,219201,417,2,1,1,0.0005173020532979549,up
376,2019-09-17,1,0,0,6.388,31.94,0.8530394162717974,11603,58238,28,1,0,0,0.0033481756205315373,up
377,2019-09-18,5,3,0,5.396055844155844,389.06,-0.13890473957235833,65629,109676,419,2,0,3,0.001742455438947216,up
378,2019-09-19,2,0,0,5.838611111111112,171.42000000000002,0.3036505273829091,43139,199985,181,1,0,1,-0.0011859272223607074,down
379,2019-09-20,2,1,0,5.5811363636363645,143.91,0.04617577990816191,39826,62203,158,1,0,1,-0.0054346980886666426,down
380,2019-09-23,1,0,0,5.363478260869567,123.36,-0.17148232285863596,16821,65567,134,0,0,1,0.002775273671861912,up
381,2019-09-25,3,2,0,5.393725490196078,188.44,-0.14123509353212427,41071,50726,206,0,0,3,0.00556538765798929,up
382,2019-09-26,5,3,0,5.586859090909091,369.28,0.051898507180888134,41779,82344,378,4,0,1,-0.002716207779780433,down
383,2019-09-30,3,0,0,5.675071895424836,292.5400000000001,0.14011131169663363,36195,154051,297,2,1,0,0.0032590811064054865,up
384,2019-10-01,3,1,0,5.7940413533834585,237.86000000000004,0.2590807696552562,47327,185097,238,3,0,0,-0.014559133776963754,down
385,2019-10-02,5,1,0,5.568167024034031,553.06,0.03320644030582898,112066,422003,580,3,0,2,-0.012708621377146323,down
386,2019-10-03,1,1,0,5.584,55.84,0.04903941627179709,3959,0,59,1,0,0,0.0087510140861407,up
387,2019-10-04,1,0,0,5.3742857142857146,75.24000000000002,-0.160674869442488,13338,50201,82,0,0,1,0.011461114496119423,up
388,2019-10-07,2,0,0,5.580760869565216,284.34,0.0458002858370139,48386,193026,299,2,0,0,-0.0018476617101766245,down
389,2019-10-08,3,2,0,5.589658119658121,193.17000000000002,0.05469753592991763,29356,46955,206,1,0,2,-0.009361677824080478,down
390,2019-10-09,3,3,0,5.248931623931624,194.2,-0.28602895979657844,37597,0,216,0,0,3,0.002851088495961509,up
391,2019-10-10,2,0,0,5.246181818181819,213.76,-0.2887787655463838,31858,137801,239,0,0,2,0.006708753891922607,up
392,2019-10-11,4,3,0,5.761035714285715,315.38,0.22607513055751216,22506,48783,320,3,0,1,0.002429895964242159,up
393,2019-10-14,5,0,0,5.519919011082694,564.44,-0.015041572645508516,79515,345401,594,4,0,1,0.00011458690652454924,up
394,2019-10-16,4,1,0,5.3890705128205125,160.44,-0.1458900709076898,89419,362099,170,2,1,1,3.347850013290944e-06,up
395,2019-10-17,3,0,0,5.422846003898635,380.86,-0.11211457982956723,90866,376587,404,1,0,2,-0.0009397817830770905,down
396,2019-10-21,1,0,0,5.462222222222222,147.48000000000005,-0.0727383615059809,15732,66595,159,0,0,1,0.0034173400350900785,up
397,2019-10-22,2,2,0,5.277777777777777,95.0,-0.2571828059504253,17611,0,106,1,1,0,-0.004895819318874964,down
398,2019-10-23,3,3,0,5.776929292929293,190.36,0.2419687092010913,23193,0,187,3,0,0,0.00351034564510356,up
399,2019-10-24,2,1,0,5.479818181818182,150.23000000000002,-0.055142401910020844,27753,61657,159,1,0,1,-0.0014893259066364984,down
400,2019-10-25,1,0,0,5.874,146.84999999999997,0.3390394162717971,9122,42567,146,1,0,0,0.006402907637082372,up
401,2019-10-28,1,1,0,4.938181818181818,54.32,-0.596778765546385,10090,0,65,0,1,0,0.00240749202482853,up
402,2019-10-29,5,3,0,5.492111111111111,323.61999999999995,-0.04284947261709178,67972,120964,344,3,0,2,0.0004941704535088533,up
403,2019-10-30,4,1,0,5.783182957393484,311.5199999999999,0.2482223736652811,63836,224370,313,4,0,0,0.002312707673395413,up
404,2019-10-31,3,2,0,5.271968253968254,136.98000000000002,-0.2629923297599485,48729,95160,150,0,0,3,-0.0030653593161591827,down
405,2019-11-01,5,1,0,5.476546562484642,379.21999999999997,-0.058414021243559766,70932,242681,410,2,0,3,0.005306924645297145,up
406,2019-11-04,3,0,0,5.7346062271062275,160.2,0.19964564337802493,48204,239156,160,3,0,0,-0.00022408248523504907,down
407,2019-11-05,5,3,0,5.309150000000001,402.84,-0.22581058372820256,54846,117465,429,1,1,3,-0.0020059503705881537,down
408,2019-11-06,4,3,0,5.754667464114833,306.03999999999996,0.21970688038663,73607,153599,305,4,0,0,0.0005463012410856892,up
409,2019-11-07,1,0,0,6.2525,50.02,0.7175394162717978,17286,103876,47,1,0,0,-0.0005960725839412999,down
410,2019-11-11,2,1,0,5.208363636363636,169.96,-0.3265969473645667,25565,46963,184,0,1,1,0.002168576688488255,up
411,2019-11-12,2,0,0,5.418,147.82,-0.1169605837282024,29626,147828,156,1,0,1,0.0008286911435570317,up
412,2019-11-13,4,3,0,5.285861111111111,255.66000000000003,-0.24909947261709098,55281,54273,279,0,0,4,0.003196994733574439,up
413,2019-11-14,3,1,0,5.681181818181819,293.44000000000005,0.14622123445361593,49520,139817,304,2,0,1,0.0019024130065516808,up
414,2019-11-15,6,3,0,5.6779155487284525,520.6399999999999,0.14295496500024937,97947,220581,529,5,0,1,0.004034865541815584,up
415,2019-11-19,6,6,0,5.418955026455027,275.34,-0.11600555727317552,68899,0,300,2,0,4,-0.002324583642873474,down
416,2019-11-20,4,2,0,5.338944964349377,297.99,-0.19601561937882628,74799,157445,324,1,0,3,-0.001990570776640238,down
417,2019-11-21,3,2,0,5.563509301156359,232.92000000000004,0.028548717428157566,52199,76938,245,2,0,1,-0.0015923972783969155,down
418,2019-11-22,1,1,0,5.591111111111113,50.32,0.056150527382910376,7430,0,52,1,0,0,-0.00035992461028069704,down
419,2019-11-25,4,1,0,5.833371212121213,179.08,0.2984106283930099,77973,300105,182,3,0,1,0.005196556246983665,up
420,2019-11-26,4,2,0,5.3023310344827586,381.96,-0.2326295492454442,56947,146308,424,1,0,3,0.0018086740426974132,up
421,2019-11-27,1,0,0,6.3625,50.9,0.8275394162717973,21148,121365,46,1,0,0,0.002587798093739785,up
422,2019-12-02,3,0,0,5.68969696969697,147.72000000000003,0.15473638596876693,33586,145961,150,2,0,1,-0.009536072034436896,down
423,2019-12-03,2,2,1,5.690568181818183,130.51,0.1556075980899796,10824,0,133,1,0,1,0.0018753709954403934,up
424,2019-12-04,3,2,0,5.76021164021164,190.94,0.22525105648343757,39952,55970,189,3,0,0,0.0029837312711454697,up
425,2019-12-05,2,0,0,5.801183333333334,283.94,0.26622274960513126,56125,217518,285,1,0,1,-0.0005706666182321843,down
426,2019-12-06,2,0,0,4.88827380952381,180.01999999999998,-0.6466867742043929,38949,162608,213,0,1,1,0.003601646955167449,up
427,2019-12-09,1,0,0,5.49,21.96,-0.04496058372820233,17256,67899,24,0,0,1,-0.0018779149290748323,down
428,2019-12-10,3,2,0,5.586559714795009,216.22000000000003,0.05159913106680699,35169,100477,229,1,0,2,-0.0009058248185461268,down
429,2019-12-11,4,4,0,5.289917027417028,201.76999999999998,-0.24504355631117503,48836,0,222,1,0,3,0.0018751121741208989,up
430,2019-12-12,5,5,0,5.245425407925408,228.22,-0.2895351758027944,46737,0,251,1,1,3,0.008703625068547171,up
431,2019-12-13,3,0,0,5.614547619047618,269.88,0.0795870353194162,65477,300266,284,1,0,2,0.0006789973841572568,up
432,2019-12-16,6,2,1,5.212313113538603,510.15999999999997,-0.3226474701895989,80872,267474,562,1,1,4,0.002456337038974969,up
433,2019-12-17,4,0,0,5.544213962325168,545.06,0.009253378596965511,50193,210761,577,2,0,2,-0.0009012587119996037,down
434,2019-12-18,4,1,0,4.971055900621117,211.82,-0.5639046831070849,49327,173863,238,0,2,2,-0.001273802989374191,down
435,2019-12-19,4,4,0,5.374017676767676,224.86,-0.16094290696052638,34928,0,248,1,1,2,0.004087951308772213,up
436,2019-12-20,5,1,1,5.666713957307062,496.43999999999994,0.13175337357885883,63444,258278,512,5,0,0,-0.0006546357180116168,down
437,2019-12-23,1,0,0,5.910769230769231,76.84,0.3758086470410289,17811,82831,77,1,0,0,-0.0006323643368869443,down
438,2019-12-24,4,1,0,5.4819407894736845,243.88,-0.05301979425451808,55460,244396,253,3,1,0,-0.0006417920077658173,down
439,2019-12-26,2,0,0,5.222228260869565,157.76,-0.3127323228586376,43266,194455,179,0,1,1,0.003938386586818593,up
440,2019-12-27,4,2,0,5.628092903828199,241.16000000000003,0.09313232009999561,41789,127964,246,3,0,1,-0.002220341658708182,down
441,2019-12-31,1,1,0,5.47,43.76,-0.06496058372820279,6199,0,46,0,0,1,0.004852013675731043,up
442,2020-01-02,2,1,0,5.186325757575757,176.38,-0.34863482615244523,37378,122813,204,1,1,0,0.0040621007118886365,up
443,2020-01-03,2,2,0,5.823095238095238,75.18,0.288134654367036,69325,0,75,1,0,1,0.0026314455666556877,up
444,2020-01-07,2,2,2,5.4902678571428565,126.41999999999999,-0.044692726585346065,30557,0,128,1,0,1,-0.0014436696358039248,down
445,2020-01-09,3,0,1,5.2958585858585865,305.68,-0.23910199786961664,74237,403427,324,0,0,3,0.0026545751028059644,up
446,2020-01-10,5,2,0,5.664447472527472,373.43999999999994,0.1294868887992699,72249,322392,386,4,0,1,-0.005015512995598391,down
447,2020-01-13,3,1,1,5.319579710144928,283.58000000000004,-0.21538087358327473,87381,402704,308,1,0,2,0.005196981045707992,up
448,2020-01-15,3,1,0,5.572831196581196,229.42,0.03787061285299398,58092,216810,234,1,0,2,0.0021387694970933712,up
449,2020-01-17,4,0,1,5.50899396638308,440.06,-0.025966617345123177,90753,464693,474,1,0,3,0.0017932656041254784,up
450,2020-01-21,1,0,0,4.865333333333333,72.98,-0.6696272503948695,26274,136319,85,0,1,0,-7.226372477947695e-05,down
451,2020-01-22,8,7,0,5.5216964285714285,404.00000000000006,-0.013264155156774038,74273,85806,427,4,1,3,-0.0024834745588105897,down
452,2020-01-23,1,1,0,5.2725,42.17999999999999,-0.2624605837282026,14107,0,48,0,0,1,0.002946530953917017,up
453,2020-01-28,3,2,0,5.0706444444444445,213.14000000000001,-0.4643161392837583,33814,57690,236,0,1,2,0.006417095357219593,up
454,2020-01-29,2,0,0,5.584821428571429,207.3,0.04986084484322584,33840,157073,214,1,0,1,-0.004882278304162009,down
455,2020-01-30,4,3,0,5.278727272727273,220.34,-0.2562333110009296,39768,38966,246,1,1,2,0.00835571294183235,up
456,2020-02-03,1,0,0,6.66,13.32,1.1250394162717976,15186,88575,12,1,0,0,0.004098085200741568,up
457,2020-02-04,3,1,0,5.916944444444444,247.12,0.38198386071624135,62435,322235,248,3,0,0,0.00517586072290911,up
458,2020-02-05,1,1,0,5.691111111111113,51.22,0.15615052738291002,6058,0,53,1,0,0,0.00294144180108541,up
459,2020-02-07,4,4,0,5.421939393939393,216.74,-0.11302118978880893,48855,0,230,2,0,2,-0.002347469347826335,down
460,2020-02-10,2,0,0,5.712884615384615,221.12,0.17792403165641257,36481,163004,219,1,0,1,0.010189031276600528,up
461,2020-02-11,6,3,0,5.791028693528694,414.6599999999999,0.25606810980049116,139282,363378,419,4,0,2,-0.0024124867323275837,down
462,2020-02-12,1,0,0,5.235555555555552,47.12,-0.29940502817265013,11997,53842,52,0,0,1,0.0026553778371160358,up
463,2020-02-14,4,0,1,5.884264705882353,429.0799999999999,0.3493041221541502,36076,104372,433,4,0,0,0.000615685227104218,up
464,2020-02-18,4,1,2,5.114047619047619,260.2199999999999,-0.4209129646805838,34152,105043,297,0,0,4,0.0003710255697557769,up
465,2020-02-19,4,3,0,5.163071428571428,189.56,-0.37188915515677423,52765,101388,215,2,2,0,0.0017039481190994324,up
466,2020-02-20,1,1,0,5.45,32.7,-0.08496058372820237,5754,0,35,0,0,1,-0.0021358017733302593,down
467,2020-02-21,3,3,0,5.5008484848484835,183.23999999999998,-0.0341120988797187,21228,0,192,2,1,0,-0.006769825918762089,down
468,2020-02-24,1,0,0,5.82904761904762,122.41,0.2940870353194178,31483,135233,122,1,0,0,-0.009737265344259305,down
469,2020-02-26,2,0,0,5.485892857142858,170.59999999999997,-0.049067726585345195,45171,152877,178,1,0,1,-0.0074875027019253295,down
470,2020-02-28,2,0,0,5.516574074074075,217.82000000000005,-0.01838650965412736,30847,152063,227,1,0,1,0.012794429104135871,up
471,2020-03-02,2,1,0,5.4408,196.44,-0.09416058372820224,38476,149328,212,0,0,2,0.03898420789887234,up
472,2020-03-03,2,0,1,5.28,264.0,-0.2549605837282023,13672,55185,290,0,0,2,-0.030063312677208437,down
473,2020-03-04,5,0,1,5.537740289855072,670.18,0.002779706126869996,75912,377918,706,3,0,2,0.02770093310350501,up
474,2020-03-05,1,0,0,5.286666666666667,95.16000000000004,-0.24829391706153547,11072,52316,103,0,0,1,-0.016828692923433988,down
475,2020-03-06,4,3,0,5.315323426573427,250.20999999999998,-0.21963715715477572,30499,51653,274,0,1,3,0.006150621590068646,up
476,2020-03-09,4,1,0,4.926854515050167,244.32,-0.6081060686780355,139636,500896,291,1,3,0,-0.040968695859006664,down
477,2020-03-10,2,0,0,5.535357142857143,187.22,0.0003965591289407655,33356,129135,200,1,0,1,0.024435930054138855,up
478,2020-03-11,1,0,0,5.860909090909091,128.94,0.32594850718088875,14390,61066,129,1,0,0,-0.02980613394641816,down
479,2020-03-13,1,1,0,4.875,58.50000000000002,-0.6599605837282025,8256,0,72,0,1,0,0.054875711792169234,up
480,2020-03-17,2,2,0,5.41276923076923,124.58,-0.12219135295897221,18250,0,137,0,0,2,0.04268118069141755,up
481,2020-03-18,1,0,0,5.562,111.24,0.027039416271797734,41989,207321,119,1,0,0,-0.015760271701210797,down
482,2020-03-19,1,1,0,5.093,50.93,-0.44196058372820257,10039,0,60,0,0,1,0.006647188667941129,up
483,2020-03-20,3,3,0,5.284520202020203,184.71,-0.25044038170800026,9327,0,208,2,1,0,-0.05222991606765179,down
484,2020-03-23,4,4,0,4.814305555555555,159.38,-0.7206550281726469,22607,0,195,0,3,1,-0.023272286717925486,down
485,2020-03-24,3,1,0,5.227369047619049,285.04,-0.3075915361091545,59790,241003,321,0,0,3,0.043886872596153176,up
486,2020-03-25,1,1,0,5.425,43.4,-0.10996058372820272,5462,0,46,0,0,1,0.007238284646339684,up
487,2020-03-27,1,0,0,6.101,122.02,0.5660394162717974,14639,58398,114,1,0,0,-0.005634146236234743,down
488,2020-03-30,1,0,0,6.387272727272728,70.25999999999999,0.8523121435445251,10605,46779,65,1,0,0,0.02644409980886214,up
489,2020-03-31,2,2,0,5.617348484848485,128.92000000000002,0.08238790112028216,20513,0,131,1,0,1,-0.011511824988506416,down
490,2020-04-02,2,1,0,5.22691699604743,180.22,-0.3080435876807721,19164,58925,201,0,0,2,0.027805063946733686,up
491,2020-04-06,2,1,0,5.258736263736264,208.02,-0.2762243199919383,57758,149393,232,0,0,2,0.033122819103991126,up
492,2020-04-07,1,0,0,5.888,147.2,0.35303941627179736,14169,55311,149,1,0,0,-0.028933961198228407,down
493,2020-04-08,2,0,1,5.154316239316239,273.20000000000005,-0.3806443444119627,36104,203568,312,0,0,2,0.02420110986964621,up
494,2020-04-09,1,0,0,5.396296296296296,145.7,-0.13866428743190617,26061,123158,153,0,0,1,0.004620138367873612,up
495,2020-04-13,2,2,0,5.536358974358974,154.82000000000002,0.0013983906307712957,22939,0,164,1,0,1,-0.007486209430490494,down
496,2020-04-15,1,0,0,5.754285714285714,80.56,0.21932513055751102,31062,183046,82,1,0,0,-0.004392477740336802,down
497,2020-04-17,1,0,0,5.3954545454545455,59.35000000000001,-0.13950603827365704,23511,118667,64,0,0,1,0.01130375339714791,up
498,2020-04-21,2,1,0,5.547657004830917,181.49,0.012696421102714517,36173,151486,190,1,0,1,-0.017326136784110203,down
499,2020-04-22,3,0,0,5.543148148148148,232.04,0.008187564419945836,140265,694103,243,1,0,2,0.004096347574082575,up
500,2020-04-23,1,0,0,5.957037037037038,160.84,0.4220764533088355,13353,60095,162,1,0,0,-0.004490386970719779,down
501,2020-04-24,2,2,0,5.37925,97.52000000000001,-0.15571058372820268,17301,0,104,1,0,1,0.008568497183012828,up
502,2020-04-27,2,2,0,5.4179220779220785,96.6,-0.11703850580612363,9564,0,104,1,0,1,0.008347811051472314,up
503,2020-04-29,1,1,0,6.022857142857142,42.16,0.4878965591289397,12803,0,41,1,0,0,0.007212724958127306,up
504,2020-04-30,7,5,2,5.420664264307122,511.4200000000001,-0.11429631942108122,70163,182384,543,3,2,2,-0.006305202327897436,down
505,2020-05-04,1,0,0,5.284166666666667,126.82,-0.25079391706153586,52229,253943,140,0,0,1,0.00985075715592218,up
506,2020-05-05,3,2,0,5.5428367003367,244.17999999999998,0.00787611660849663,39049,71788,253,2,0,1,-0.00015334974552488748,down
507,2020-05-11,1,0,0,5.58,61.38,0.04503941627179753,31020,194241,64,1,0,0,0.005052369161999295,up
508,2020-05-12,4,1,0,5.528244047619047,276.07,-0.0067165361091550135,43666,170452,283,3,0,1,-0.023602613709814462,down
509,2020-05-13,3,1,0,5.693851851851851,270.36000000000007,0.1588912681236483,92697,347716,273,2,0,1,-0.016002214095511662,down
510,2020-05-14,1,1,0,5.3933333333333335,48.540000000000006,-0.141627250394869,11246,0,53,0,0,1,0.020740429620303612,up
511,2020-05-18,3,2,1,5.332151515151516,195.7,-0.20280906857668737,73506,79864,215,1,0,2,0.013744587430188564,up
512,2020-05-20,6,0,4,5.387599520045172,463.36,-0.1473610636830307,91303,317488,502,0,0,4,0.006087500706668725,up
513,2020-05-21,1,0,0,6.165,49.32,0.6300394162717975,16404,81858,46,1,0,0,-0.007218957003898713,down
514,2020-05-22,3,0,0,5.573880952380954,360.5199999999999,0.03892036865275047,66628,269287,389,2,0,1,0.0025101005332355915,up
515,2020-05-26,3,0,0,5.5721309178743965,401.1,0.03717033414619338,80330,372302,416,2,0,1,-0.004097779579895748,down
516,2020-05-27,3,1,0,5.261566433566434,313.5,-0.27339415016176893,92549,253915,348,0,1,2,0.006791232956589898,up
517,2020-05-28,2,0,0,5.190208333333333,205.97999999999996,-0.34475225039486945,49143,193747,234,0,1,1,-0.00554062594396819,down
518,2020-05-29,1,1,0,4.875,39.0,-0.6599605837282025,39420,0,48,0,1,0,0.006326962614829233,up
519,2020-06-01,1,0,0,5.681052631578948,107.93999999999998,0.14609204785074503,40067,166087,114,1,0,0,0.00557788021450764,up
520,2020-06-02,6,1,0,5.524986101820885,548.85,-0.009974481907318497,133231,502736,594,4,0,2,0.005233667293647057,up
521,2020-06-03,9,3,0,5.334788277456927,787.98,-0.20017230627127514,180495,620808,854,3,2,4,0.007735072366980985,up
522,2020-06-04,8,5,0,5.291540169321419,579.0799999999998,-0.24342041440678341,170543,397641,628,2,2,4,0.0002539044675402741,up
523,2020-06-05,9,7,0,5.566579038245704,526.72,0.03161845451750237,47458,163476,553,5,2,2,0.009510545148639664,up
524,2020-06-08,1,0,0,6.163157894736843,117.10000000000002,0.6281973110086403,33451,170333,111,1,0,0,0.010147119862832614,up
525,2020-06-09,6,6,0,5.43308696205755,362.59000000000003,-0.10187362167065232,38250,0,389,4,1,1,-0.001910838593748198,down
526,2020-06-11,1,0,0,5.371,107.42,-0.1639605837282021,6995,27039,117,0,0,1,-0.03887586476601795,down
527,2020-06-12,3,3,0,5.087925925925926,100.70000000000002,-0.44703465780227614,32421,0,116,0,1,2,-0.00968075297698848,down
528,2020-06-16,2,1,0,5.5385606060606065,192.48000000000002,0.0036000223324035296,51195,215872,198,1,0,1,-0.001999364420312988,down
529,2020-06-17,1,0,0,6.7907692307692304,88.27999999999999,1.255808647041028,26157,113704,78,1,0,0,-0.007219054645256725,down
530,2020-06-18,5,0,0,5.86902564102564,364.0,0.33406505729743846,91624,448896,362,5,0,0,0.004417081115999141,up
531,2020-06-22,4,1,0,5.4783333333333335,395.26,-0.056627250394869266,57911,190273,417,1,0,3,0.007574985163891382,up
532,2020-06-23,3,1,0,5.281052631578948,173.34,-0.25390795214925443,80259,257553,190,0,0,3,-0.00236082203322406,down
533,2020-06-25,5,1,0,5.393336675089616,465.11,-0.1416239086385863,188877,726539,498,1,0,4,0.012197174162895362,up
534,2020-06-26,2,0,0,4.6996710526315795,165.02000000000004,-0.8352895310966235,113024,425666,204,0,2,0,-0.02087397599337008,down
535,2020-06-29,5,4,0,5.786412698412698,282.08,0.2514521146844954,39680,32181,284,5,0,0,0.011478836473274773,up
536,2020-06-30,5,4,0,5.283347763347763,271.28,-0.2516128203804394,98926,260569,292,1,1,3,0.016421903089854164,up
537,2020-07-01,5,2,0,5.390026334776334,458.68000000000006,-0.14493424895186796,83258,232667,497,2,0,3,0.0032003996399234693,up
538,2020-07-02,2,1,0,5.274100529100529,213.57999999999993,-0.2608600546276736,27413,69923,235,0,0,2,-0.004335701118423256,down
539,2020-07-06,8,1,1,4.866274044242203,711.3299999999999,-0.6686865394859998,239110,731075,831,0,6,2,0.007742531335643091,up
540,2020-07-07,1,0,0,5.64,118.44,0.10503941627179714,25815,112339,122,1,0,0,-0.006669911128435989,down
541,2020-07-08,2,0,1,4.167333333333334,176.05999999999997,-1.3676272503948685,70211,360288,191,1,1,0,0.005350300702546931,up
542,2020-07-09,1,1,0,5.677142857142857,79.48000000000002,0.1421822734146545,30546,0,80,1,0,0,-0.00759401215688488,down
543,2020-07-10,1,1,0,4.8,19.2,-0.7349605837282027,7565,0,24,0,1,0,0.010331602933451063,up
544,2020-07-13,7,4,2,5.45527344550874,392.44,-0.07968713821946276,181359,348098,411,4,1,2,-0.015556586976483015,down
545,2020-07-14,5,4,0,5.485826262626262,252.28,-0.04913432110193998,68264,86999,268,2,0,3,0.01795859141463708,up
546,2020-07-15,4,2,0,5.337033333333332,350.82,-0.19792725039486947,94342,319941,372,1,1,2,0.00017981481707764394,up
547,2020-07-16,3,0,0,5.951269841269841,315.08000000000004,0.416309257541639,62413,301461,307,3,0,0,0.002247241818108051,up
548,2020-07-17,1,1,0,5.1775,41.42,-0.35746058372820233,8893,0,48,0,0,1,0.000161285712248951,up
549,2020-07-21,2,0,0,5.672393162393161,176.16,0.13743257866495817,46912,241614,180,2,0,0,-0.0034327374259130244,down
550,2020-07-23,1,1,0,5.402857142857144,37.82000000000001,-0.13210344087105863,5116,0,41,0,0,1,-0.01099753706909575,down
551,2020-07-27,4,4,1,5.36501948051948,248.16000000000003,-0.16994110320872213,31579,0,271,2,0,2,0.006077886933868175,up
552,2020-07-28,3,2,0,5.224247311827958,283.98,-0.3107132719002452,66655,103275,318,1,1,1,-0.004894482805118368,down
553,2020-07-29,4,1,0,5.543272005772006,282.92,0.008311422043803862,47851,191847,292,2,1,1,0.009673951661350851,up
554,2020-07-30,1,0,0,5.3072727272727285,116.76000000000002,-0.22768785645547407,30016,137752,128,0,0,1,0.0044743300725476895,up
555,2020-08-03,3,2,0,5.690571504518872,237.44,0.15561092079067063,45993,147247,247,2,0,1,0.0019311419962802774,up
556,2020-08-04,4,2,0,5.272363636363636,310.34000000000003,-0.2625969473645664,67772,205982,343,1,1,2,0.005042702677673236,up
557,2020-08-05,1,0,0,5.116666666666666,61.40000000000001,-0.4182939170615363,39519,180885,70,0,0,1,0.0031349842294366875,up
558,2020-08-06,1,1,0,5.5920000000000005,55.92,0.05703941627179798,14255,0,59,1,0,0,0.007820842933110791,up
559,2020-08-07,2,1,0,5.46375,143.4,-0.07121058372820244,30315,120808,151,1,0,1,0.0033622190791309514,up
560,2020-08-10,1,0,0,6.035833333333334,144.86,0.5008727496051311,7928,32927,140,1,0,0,0.0013199878274753824,up
561,2020-08-11,1,0,0,6.085,24.34,0.5500394162717974,30012,206734,23,1,0,0,-0.010874317143985584,down
562,2020-08-12,1,0,0,4.877037037037037,131.68,-0.6579235466911655,13286,61795,159,0,1,0,0.0074178018183182455,up
563,2020-08-13,3,0,0,5.235758897243107,371.97999999999996,-0.2992016864850955,77357,297344,416,1,2,0,0.00014230303057360938,up
564,2020-08-14,2,0,0,5.76,224.74,0.2250394162717977,20046,81338,228,2,0,0,0.0012438732639866044,up
565,2020-08-17,1,1,0,5.3155555555555525,47.84,-0.21940502817265006,26371,0,52,0,0,1,0.00033419986756052535,up
566,2020-08-18,4,2,0,5.442271978021978,305.15999999999997,-0.09268860570622439,58859,191135,321,2,1,1,0.0008089629790172182,up
567,2020-08-19,4,3,0,5.311579404466501,387.03999999999996,-0.2233811792617011,62560,138718,423,1,1,2,-0.005205559290302603,down
568,2020-08-20,2,2,0,4.659924242424243,107.13999999999999,-0.8750363413039599,43840,0,133,0,2,0,0.007448349684856731,up
569,2020-08-24,1,0,0,5.3955555555555526,97.12,-0.13940502817265,46519,236381,105,0,0,1,0.0038588628913866227,up
570,2020-08-25,2,1,0,5.805151515151515,117.41999999999999,0.27019093142331263,14708,58458,119,1,0,1,0.0022323276268236864,up
571,2020-08-26,2,0,0,5.54778409090909,210.47999999999996,0.012823507180887983,110800,497163,219,1,0,1,0.008336307052453364,up
572,2020-08-28,1,0,0,5.1825,124.38,-0.35246058372820244,34997,158913,138,0,0,1,0.0038115166795566467,up
573,2020-08-31,1,0,0,5.224375,167.18,-0.31058558372820233,19763,88155,183,0,0,1,-0.0026839446492118034,down
574,2020-09-01,2,1,0,5.427430830039525,188.91999999999996,-0.10752975368867723,50230,213618,197,1,0,1,0.005476918015173073,up
575,2020-09-02,2,0,0,5.393076923076924,188.98000000000002,-0.141883660651279,86794,436898,207,0,0,2,0.0104634845179599,up
576,2020-09-03,3,1,0,5.454458333333332,215.28999999999996,-0.08050225039486936,61446,209478,227,2,0,1,-0.030768003082322887,down
577,2020-09-08,9,3,0,5.368506567069115,686.08,-0.16645401665908702,164078,635020,744,1,0,8,-0.011874620801846543,down
578,2020-09-09,1,0,0,5.46,49.14,-0.07496058372820258,46186,214930,51,0,0,1,0.00864731422211948,up
579,2020-09-10,2,2,0,5.13625,103.09,-0.39871058372820256,18502,0,116,0,0,2,-0.021500022485025597,down
580,2020-09-11,1,0,0,5.14,123.36,-0.39496058372820286,23184,89923,139,0,0,1,-0.003498666797337889,down
581,2020-09-14,14,12,0,5.053606258937142,824.5600000000001,-0.4813543247910614,157877,196782,945,1,7,6,0.005940128806839186,up
582,2020-09-16,3,3,0,5.4719480519480515,183.42,-0.0630125317801505,61145,0,197,2,1,0,-0.007545662459263325,down
583,2020-09-18,5,0,0,5.602260916860918,480.53999999999996,0.06730033313271537,36242,130556,493,4,1,0,-0.01129151699274646,down
584,2020-09-21,1,1,0,5.092,50.92,-0.4429605837282029,11829,0,58,0,0,1,-0.0013726716845656635,down
585,2020-09-23,7,3,0,5.7086510989010995,559.0,0.1736905151728964,82032,209540,573,5,0,2,-0.025056453647306683,down
586,2020-09-24,3,0,0,5.461428571428571,297.68000000000006,-0.07353201229963109,127203,418210,320,2,0,1,0.006338905217461967,up
587,2020-09-25,5,3,0,5.334529411764706,260.1,-0.20043117196349716,56727,116520,279,2,1,2,0.01909377280290545,up
588,2020-09-29,3,2,0,5.808390804597701,305.62,0.2734302208694981,30906,51875,302,3,0,0,-0.004610659568008637,down
589,2020-09-30,5,4,0,5.486428571428571,251.94,-0.04853201229963115,124017,323995,270,2,0,3,0.0065216012325901174,up
590,2020-10-01,7,4,0,5.397568727568728,605.53,-0.1373918561594749,136286,130629,656,2,1,4,-0.0014974195184108982,down
591,2020-10-05,5,0,0,5.832051549982586,465.3400000000001,0.29709096625438214,198826,1071502,467,4,0,1,0.012274061110192613,up
592,2020-10-06,3,0,0,5.337403880070546,388.82000000000005,-0.19755670365765562,51750,230980,423,1,0,2,-0.01401398145359865,down
593,2020-10-07,9,4,0,5.587565307499519,607.66,0.05260472377131542,255117,761974,632,6,1,2,0.010305588139069649,up
594,2020-10-08,3,1,0,5.504487179487179,220.48000000000002,-0.030473404241022923,69457,268957,235,1,0,2,0.0036543464406000384,up
595,2020-10-09,4,1,0,5.489339285714286,361.26,-0.04562129801391657,102756,409771,386,3,0,1,0.005049606290157523,up
596,2020-10-12,13,3,0,5.512920792099821,1046.26,-0.02203979162838249,317676,1194641,1119,5,0,8,0.009771358679256813,up
597,2020-10-13,7,4,2,5.391647919986708,583.99,-0.1433126637414939,88076,266720,616,2,1,4,-0.006247882133191795,down
598,2020-10-14,2,0,0,4.901,113.08,-0.6339605837282027,99745,284243,133,0,2,0,-0.007623461221708709,down
599,2020-10-15,4,3,0,5.025868421052632,245.22,-0.5090921626755707,89069,281230,285,0,2,2,0.008576293749554945,up
600,2020-10-16,3,1,0,5.392907066052228,279.98,-0.14205351767597504,56104,144319,311,1,0,2,-0.0027737057392298943,down
601,2020-10-19,1,0,0,5.824,145.60000000000005,0.2890394162717973,12860,52503,144,1,0,0,-0.019103173085268405,down
602,2020-10-20,1,0,0,5.838571428571429,81.73999999999998,0.3036108448432264,27778,118997,80,1,0,0,0.001087473360674065,up
603,2020-10-21,1,0,0,4.936923076923077,64.18,-0.5980375068051256,56660,262641,75,0,1,0,-0.0012645252670207886,down
604,2020-10-23,2,2,0,5.507115384615384,114.66,-0.027845199112818353,37244,0,125,1,0,1,0.00014141562927029634,up
